System Time,RDTSC,Elapsed Time (sec), CPU Utilization(%),CPU Frequency_0(MHz),Processor Power_0(Watt),Cumulative Processor Energy_0(Joules),Cumulative Processor Energy_0(mWh),IA Power_0(Watt),Cumulative IA Energy_0(Joules),Cumulative IA Energy_0(mWh),Package Temperature_0(C),Package Hot_0,DRAM Power_0(Watt),Cumulative DRAM Energy_0(Joules),Cumulative DRAM Energy_0(mWh),GT Power_0(Watt),Cumulative GT Energy_0(Joules),Cumulative GT Energy_0(mWh),Package PL1_0(Watt),Package PL2_0(Watt),Package PL4_0(Watt),Platform PsysPL1_0(Watt),Platform PsysPL2_0(Watt),GT Frequency(MHz),GT Utilization(%)
02:19:53:888, 301828227591164,    0.112,    9.000, 3900,  22.563,   2.525,   0.701,  20.631,   2.309,   0.641, 65,  0,   0.818,   0.091,   0.025,   0.242,   0.027,   0.008,  45.000,  60.000, 130.000,   0.000,   0.000,99999999,   0.000
02:19:53:990, 301828453529184,    0.214,    8.000, 4000,  22.959,   4.874,   1.354,  20.016,   4.357,   1.210, 66,  0,   0.722,   0.165,   0.046,   0.000,   0.027,   0.008,  45.000,  60.000, 130.000,   0.000,   0.000,99999999,   0.000
02:19:54:101, 301828697407027,    0.325,   17.000, 3900,  29.408,   8.123,   2.256,  24.657,   7.081,   1.967, 64,  0,   0.827,   0.257,   0.071,   0.264,   0.056,   0.016,  45.000,  60.000, 130.000,   0.000,   0.000,99999999,   0.000
02:19:54:616, 301829835829095,    0.840,    8.000, 3900,  34.123,  25.716,   7.143,  24.722,  19.827,   5.507, 62,  0,   0.807,   0.673,   0.187,   0.067,   0.091,   0.025,  45.000,  60.000, 130.000,   0.000,   0.000,99999999,   0.000
02:19:54:773, 301830181981854,    0.997,    3.000, 3900,  12.800,  27.723,   7.701,   8.743,  21.198,   5.888, 50,  0,   0.653,   0.775,   0.215,   0.063,   0.100,   0.028,  45.000,  60.000, 130.000,   0.000,   0.000,99999999,   0.000
02:19:54:882, 301830423412736,    1.106,    1.000, 4100,   5.605,  28.336,   7.871,   3.859,  21.619,   6.005, 50,  0,   0.665,   0.848,   0.236,   0.000,   0.100,   0.028,  45.000,  60.000, 130.000,   0.000,   0.000,99999999,   0.000
02:19:54:992, 301830664556550,    1.216,    0.000, 4000,   3.759,  28.746,   7.985,   1.958,  21.833,   6.065, 49,  0,   0.670,   0.921,   0.256,   0.067,   0.108,   0.030,  45.000,  60.000, 130.000,   0.000,   0.000,99999999,   0.000
02:19:55:101, 301830906505664,    1.325,    0.000, 4000,   2.053,  28.971,   8.048,   0.824,  21.924,   6.090, 48,  0,   0.612,   0.988,   0.275,   0.000,   0.108,   0.030,  45.000,  60.000, 130.000,   0.000,   0.000,99999999,   0.000
02:19:55:211, 301831148005267,    1.435,    0.000, 4000,   1.512,  29.136,   8.093,   0.360,  21.963,   6.101, 48,  0,   0.581,   1.052,   0.292,   0.000,   0.108,   0.030,  45.000,  60.000, 130.000,   0.000,   0.000,99999999,   0.000
02:19:55:320, 301831389384936,    1.544,    0.000, 4100,   2.200,  29.377,   8.160,   1.006,  22.073,   6.131, 48,  0,   0.619,   1.120,   0.311,   0.000,   0.108,   0.030,  45.000,  60.000, 130.000,   0.000,   0.000,99999999,   0.000
02:19:55:429, 301831630940842,    1.653,    0.000, 4000,   1.462,  29.537,   8.205,   0.334,  22.110,   6.142, 48,  0,   0.577,   1.183,   0.329,   0.000,   0.108,   0.030,  45.000,  60.000, 130.000,   0.000,   0.000,99999999,   0.000
02:19:55:539, 301831872441012,    1.763,    0.000, 4000,   1.666,  29.719,   8.255,   0.500,  22.164,   6.157, 48,  0,   0.580,   1.246,   0.346,   0.000,   0.108,   0.030,  45.000,  60.000, 130.000,   0.000,   0.000,99999999,   0.000
02:19:55:655, 301832130164154,    1.879,    0.000, 4100,   1.378,  29.880,   8.300,   0.240,  22.192,   6.165, 48,  0,   0.574,   1.313,   0.365,   0.000,   0.108,   0.030,  45.000,  60.000, 130.000,   0.000,   0.000,99999999,   0.000
02:19:55:766, 301832373900834,    1.990,    0.000, 3900,   1.835,  30.083,   8.356,   0.670,  22.266,   6.185, 48,  0,   0.587,   1.378,   0.383,   0.000,   0.108,   0.030,  45.000,  60.000, 130.000,   0.000,   0.000,99999999,   0.000
02:19:55:875, 301832615348184,    2.099,    0.000, 4000,   2.951,  30.405,   8.446,   1.758,  22.458,   6.238, 48,  0,   0.592,   1.443,   0.401,   0.000,   0.108,   0.030,  45.000,  60.000, 130.000,   0.000,   0.000,99999999,   0.000
02:19:55:984, 301832856774954,    2.208,    0.000, 4100,   1.598,  30.580,   8.494,   0.458,  22.509,   6.252, 48,  0,   0.581,   1.506,   0.418,   0.000,   0.108,   0.030,  45.000,  60.000, 130.000,   0.000,   0.000,99999999,   0.000
02:19:56:094, 301833098389087,    2.318,    0.000, 4000,   1.445,  30.738,   8.538,   0.314,  22.543,   6.262, 47,  0,   0.576,   1.569,   0.436,   0.000,   0.108,   0.030,  45.000,  60.000, 130.000,   0.000,   0.000,99999999,   0.000
02:19:56:204, 301833342355788,    2.428,    0.000, 4000,   1.473,  30.901,   8.584,   0.317,  22.578,   6.272, 47,  0,   0.576,   1.633,   0.454,   0.000,   0.108,   0.030,  45.000,  60.000, 130.000,   0.000,   0.000,99999999,   0.000
02:19:56:314, 301833583835760,    2.538,    0.000, 4100,   1.507,  31.066,   8.629,   0.368,  22.618,   6.283, 48,  0,   0.578,   1.696,   0.471,   0.000,   0.108,   0.030,  45.000,  60.000, 130.000,   0.000,   0.000,99999999,   0.000
02:19:56:423, 301833825255546,    2.647,    0.000, 4100,   1.668,  31.248,   8.680,   0.505,  22.673,   6.298, 48,  0,   0.586,   1.760,   0.489,   0.000,   0.108,   0.030,  45.000,  60.000, 130.000,   0.000,   0.000,99999999,   0.000
02:19:56:532, 301834066816568,    2.756,    0.000, 4000,   1.886,  31.454,   8.737,   0.710,  22.751,   6.320, 48,  0,   0.593,   1.825,   0.507,   0.000,   0.108,   0.030,  45.000,  60.000, 130.000,   0.000,   0.000,99999999,   0.000
02:19:56:642, 301834308339497,    2.866,    0.000, 3900,   1.680,  31.638,   8.788,   0.543,  22.810,   6.336, 48,  0,   0.583,   1.888,   0.525,   0.000,   0.108,   0.030,  45.000,  60.000, 130.000,   0.000,   0.000,99999999,   0.000
02:19:56:751, 301834549870522,    2.975,    0.000, 4100,   1.480,  31.800,   8.833,   0.330,  22.847,   6.346, 48,  0,   0.577,   1.952,   0.542,   0.000,   0.108,   0.030,  45.000,  60.000, 130.000,   0.000,   0.000,99999999,   0.000
02:19:56:852, 301834773090436,    3.076,    0.000, 4000,   1.548,  31.957,   8.877,   0.397,  22.887,   6.357, 47,  0,   0.578,   2.010,   0.558,   0.000,   0.108,   0.030,  45.000,  60.000, 130.000,   0.000,   0.000,99999999,   0.000
02:19:56:962, 301835014528394,    3.186,    0.000, 4000,   1.554,  32.126,   8.924,   0.409,  22.931,   6.370, 48,  0,   0.578,   2.073,   0.576,   0.000,   0.108,   0.030,  45.000,  60.000, 130.000,   0.000,   0.000,99999999,   0.000
02:19:57:072, 301835258435788,    3.296,    0.000, 4000,   1.553,  32.298,   8.972,   0.399,  22.976,   6.382, 47,  0,   0.580,   2.137,   0.594,   0.000,   0.108,   0.030,  45.000,  60.000, 130.000,   0.000,   0.000,99999999,   0.000
02:19:57:182, 301835499943972,    3.406,    0.000, 4100,   1.442,  32.456,   9.015,   0.291,  23.007,   6.391, 47,  0,   0.578,   2.201,   0.611,   0.000,   0.108,   0.030,  45.000,  60.000, 130.000,   0.000,   0.000,99999999,   0.000
02:19:57:291, 301835741362224,    3.515,    0.000, 4100,   1.473,  32.617,   9.060,   0.336,  23.044,   6.401, 47,  0,   0.577,   2.264,   0.629,   0.000,   0.108,   0.030,  45.000,  60.000, 130.000,   0.000,   0.000,99999999,   0.000
02:19:57:400, 301835983002610,    3.624,    0.000, 3900,   1.425,  32.773,   9.104,   0.289,  23.076,   6.410, 48,  0,   0.577,   2.327,   0.646,   0.000,   0.108,   0.030,  45.000,  60.000, 130.000,   0.000,   0.000,99999999,   0.000
02:19:57:510, 301836224412144,    3.734,    0.000, 4000,   2.148,  33.008,   9.169,   0.969,  23.182,   6.439, 47,  0,   0.590,   2.391,   0.664,   0.000,   0.108,   0.030,  45.000,  60.000, 130.000,   0.000,   0.000,99999999,   0.000
02:19:57:619, 301836465952304,    3.843,    0.000, 4100,   1.446,  33.166,   9.213,   0.305,  23.215,   6.449, 48,  0,   0.576,   2.454,   0.682,   0.000,   0.108,   0.030,  45.000,  60.000, 130.000,   0.000,   0.000,99999999,   0.000
02:19:57:728, 301836707541041,    3.952,    0.000, 4000,   1.490,  33.329,   9.258,   0.348,  23.253,   6.459, 47,  0,   0.577,   2.517,   0.699,   0.000,   0.108,   0.030,  45.000,  60.000, 130.000,   0.000,   0.000,99999999,   0.000
02:19:57:838, 301836949007492,    4.062,    0.000, 3900,   1.565,  33.500,   9.306,   0.407,  23.298,   6.472, 47,  0,   0.583,   2.581,   0.717,   0.000,   0.108,   0.030,  45.000,  60.000, 130.000,   0.000,   0.000,99999999,   0.000
02:19:57:947, 301837190418942,    4.171,    0.000, 4000,   1.472,  33.661,   9.350,   0.328,  23.333,   6.482, 48,  0,   0.577,   2.644,   0.735,   0.000,   0.108,   0.030,  45.000,  60.000, 130.000,   0.000,   0.000,99999999,   0.000
02:19:58:057, 301837431999136,    4.281,    0.000, 4000,   1.621,  33.838,   9.399,   0.416,  23.379,   6.494, 47,  0,   0.580,   2.708,   0.752,   0.057,   0.114,   0.032,  45.000,  60.000, 130.000,   0.000,   0.000,99999999,   0.000
02:19:58:166, 301837673366468,    4.390,    0.000, 4100,   1.491,  34.001,   9.445,   0.347,  23.417,   6.505, 47,  0,   0.579,   2.771,   0.770,   0.000,   0.114,   0.032,  45.000,  60.000, 130.000,   0.000,   0.000,99999999,   0.000
02:19:58:275, 301837915027793,    4.499,    0.000, 4000,   1.516,  34.167,   9.491,   0.373,  23.458,   6.516, 47,  0,   0.578,   2.834,   0.787,   0.000,   0.114,   0.032,  45.000,  60.000, 130.000,   0.000,   0.000,99999999,   0.000
02:19:58:385, 301838156361452,    4.609,    0.000, 4000,   1.380,  34.318,   9.533,   0.244,  23.484,   6.523, 47,  0,   0.575,   2.897,   0.805,   0.000,   0.114,   0.032,  45.000,  60.000, 130.000,   0.000,   0.000,99999999,   0.000
02:19:58:494, 301838397437813,    4.718,    0.000, 4100,   1.476,  34.479,   9.578,   0.362,  23.524,   6.534, 47,  0,   0.579,   2.960,   0.822,   0.000,   0.114,   0.032,  45.000,  60.000, 130.000,   0.000,   0.000,99999999,   0.000
02:19:58:603, 301838639222062,    4.827,    0.000, 4100,   1.599,  34.654,   9.626,   0.404,  23.568,   6.547, 47,  0,   0.581,   3.024,   0.840,   0.000,   0.114,   0.032,  45.000,  60.000, 130.000,   0.000,   0.000,99999999,   0.000
02:19:58:713, 301838880785550,    4.937,    0.000, 4000,   1.404,  34.808,   9.669,   0.270,  23.598,   6.555, 48,  0,   0.576,   3.087,   0.857,   0.000,   0.114,   0.032,  45.000,  60.000, 130.000,   0.000,   0.000,99999999,   0.000
02:19:58:822, 301839122319586,    5.046,    0.000, 4100,   1.731,  34.997,   9.721,   0.569,  23.660,   6.572, 48,  0,   0.583,   3.151,   0.875,   0.000,   0.114,   0.032,  45.000,  60.000, 130.000,   0.000,   0.000,99999999,   0.000
02:19:58:931, 301839363729110,    5.155,    0.000, 4100,   1.479,  35.159,   9.766,   0.335,  23.696,   6.582, 48,  0,   0.578,   3.214,   0.893,   0.000,   0.114,   0.032,  45.000,  60.000, 130.000,   0.000,   0.000,99999999,   0.000
02:19:59:041, 301839605324160,    5.265,    0.000, 4100,   1.469,  35.320,   9.811,   0.324,  23.732,   6.592, 47,  0,   0.576,   3.277,   0.910,   0.000,   0.114,   0.032,  45.000,  60.000, 130.000,   0.000,   0.000,99999999,   0.000
02:19:59:150, 301839846844299,    5.374,    0.000, 4000,   1.551,  35.489,   9.858,   0.400,  23.776,   6.604, 48,  0,   0.582,   3.341,   0.928,   0.000,   0.114,   0.032,  45.000,  60.000, 130.000,   0.000,   0.000,99999999,   0.000
02:19:59:259, 301840087967478,    5.483,    0.000, 4000,   1.515,  35.655,   9.904,   0.371,  23.816,   6.616, 47,  0,   0.576,   3.403,   0.945,   0.000,   0.114,   0.032,  45.000,  60.000, 130.000,   0.000,   0.000,99999999,   0.000
02:19:59:369, 301840329319634,    5.593,    0.000, 4100,   1.424,  35.810,   9.947,   0.280,  23.847,   6.624, 47,  0,   0.576,   3.466,   0.963,   0.000,   0.114,   0.032,  45.000,  60.000, 130.000,   0.000,   0.000,99999999,   0.000
02:19:59:478, 301840570862556,    5.702,    0.000, 4100,   1.494,  35.974,   9.993,   0.353,  23.885,   6.635, 47,  0,   0.577,   3.530,   0.980,   0.000,   0.114,   0.032,  45.000,  60.000, 130.000,   0.000,   0.000,99999999,   0.000
02:19:59:588, 301840812320906,    5.812,    0.000, 4100,   1.618,  36.151,  10.042,   0.448,  23.934,   6.648, 48,  0,   0.578,   3.593,   0.998,   0.000,   0.114,   0.032,  45.000,  60.000, 130.000,   0.000,   0.000,99999999,   0.000
02:19:59:697, 301841053886757,    5.921,    0.000, 4100,   1.401,  36.304,  10.084,   0.267,  23.964,   6.657, 48,  0,   0.575,   3.656,   1.015,   0.000,   0.114,   0.032,  45.000,  60.000, 130.000,   0.000,   0.000,99999999,   0.000
02:19:59:806, 301841295372380,    6.030,    0.000, 4100,   1.458,  36.463,  10.129,   0.311,  23.998,   6.666, 47,  0,   0.577,   3.719,   1.033,   0.000,   0.114,   0.032,  45.000,  60.000, 130.000,   0.000,   0.000,99999999,   0.000
02:19:59:916, 301841536847274,    6.140,    0.000, 4100,   3.431,  36.839,  10.233,   2.232,  24.242,   6.734, 47,  0,   0.609,   3.785,   1.051,   0.000,   0.114,   0.032,  45.000,  60.000, 130.000,   0.000,   0.000,99999999,   0.000
02:20:00:025, 301841777342244,    6.249,    2.000, 3900,   4.936,  37.376,  10.382,   3.688,  24.643,   6.845, 56,  0,   0.670,   3.858,   1.072,   0.056,   0.120,   0.033,  45.000,  60.000, 130.000,   0.000,   0.000,99999999,   0.000
02:20:00:134, 301842020051581,    6.358,    0.000, 4000,   2.784,  37.682,  10.467,   1.557,  24.815,   6.893, 48,  0,   0.620,   3.926,   1.091,   0.000,   0.120,   0.033,  45.000,  60.000, 130.000,   0.000,   0.000,99999999,   0.000
02:20:00:244, 301842261328554,    6.468,    0.000, 4100,   1.473,  37.843,  10.512,   0.331,  24.851,   6.903, 48,  0,   0.576,   3.989,   1.108,   0.000,   0.120,   0.033,  45.000,  60.000, 130.000,   0.000,   0.000,99999999,   0.000
02:20:00:353, 301842502610054,    6.577,    0.000, 4100,   2.456,  38.112,  10.587,   1.032,  24.964,   6.934, 47,  0,   0.655,   4.061,   1.128,   0.096,   0.130,   0.036,  45.000,  60.000, 130.000,   0.000,   0.000,99999999,   0.000
02:20:00:463, 301842744369806,    6.687,    0.000, 4100,   3.347,  38.478,  10.688,   2.091,  25.193,   6.998, 48,  0,   0.628,   4.130,   1.147,   0.000,   0.130,   0.036,  45.000,  60.000, 130.000,   0.000,   0.000,99999999,   0.000
02:20:00:572, 301842986207431,    6.796,    0.000, 3900,   1.678,  38.662,  10.739,   0.528,  25.250,   7.014, 48,  0,   0.584,   4.194,   1.165,   0.000,   0.130,   0.036,  45.000,  60.000, 130.000,   0.000,   0.000,99999999,   0.000
02:20:00:673, 301843209958404,    6.897,    0.000, 4100,   1.488,  38.813,  10.781,   0.320,  25.283,   7.023, 48,  0,   0.579,   4.252,   1.181,   0.000,   0.130,   0.036,  45.000,  60.000, 130.000,   0.000,   0.000,99999999,   0.000
02:20:00:783, 301843452557448,    7.007,    0.000, 4100,   1.469,  38.974,  10.826,   0.319,  25.318,   7.033, 47,  0,   0.578,   4.316,   1.199,   0.000,   0.130,   0.036,  45.000,  60.000, 130.000,   0.000,   0.000,99999999,   0.000
02:20:00:893, 301843694196940,    7.117,    0.000, 4000,   1.583,  39.147,  10.874,   0.444,  25.366,   7.046, 47,  0,   0.584,   4.380,   1.217,   0.000,   0.130,   0.036,  45.000,  60.000, 130.000,   0.000,   0.000,99999999,   0.000
02:20:01:002, 301843935688904,    7.226,    0.000, 4000,   1.433,  39.304,  10.918,   0.283,  25.397,   7.055, 47,  0,   0.578,   4.443,   1.234,   0.000,   0.130,   0.036,  45.000,  60.000, 130.000,   0.000,   0.000,99999999,   0.000
02:20:01:111, 301844176746146,    7.335,    0.000, 4100,   1.524,  39.471,  10.964,   0.375,  25.438,   7.066, 47,  0,   0.582,   4.506,   1.252,   0.000,   0.130,   0.036,  45.000,  60.000, 130.000,   0.000,   0.000,99999999,   0.000
02:20:01:221, 301844420142854,    7.445,    0.000, 4000,   1.521,  39.638,  11.011,   0.391,  25.482,   7.078, 48,  0,   0.576,   4.570,   1.269,   0.000,   0.130,   0.036,  45.000,  60.000, 130.000,   0.000,   0.000,99999999,   0.000
02:20:01:331, 301844661627075,    7.555,    0.000, 4000,   1.544,  39.807,  11.058,   0.397,  25.525,   7.090, 47,  0,   0.578,   4.633,   1.287,   0.000,   0.130,   0.036,  45.000,  60.000, 130.000,   0.000,   0.000,99999999,   0.000
02:20:01:440, 301844903157118,    7.664,    0.000, 4000,   1.533,  39.975,  11.104,   0.391,  25.568,   7.102, 47,  0,   0.578,   4.696,   1.305,   0.000,   0.130,   0.036,  45.000,  60.000, 130.000,   0.000,   0.000,99999999,   0.000
02:20:01:550, 301845144698990,    7.774,    0.000, 4000,   1.597,  40.150,  11.153,   0.432,  25.615,   7.115, 47,  0,   0.582,   4.760,   1.322,   0.000,   0.130,   0.036,  45.000,  60.000, 130.000,   0.000,   0.000,99999999,   0.000
02:20:01:659, 301845386053146,    7.883,    0.000, 4000,   2.296,  40.401,  11.222,   1.127,  25.738,   7.150, 47,  0,   0.586,   4.824,   1.340,   0.000,   0.130,   0.036,  45.000,  60.000, 130.000,   0.000,   0.000,99999999,   0.000
02:20:01:769, 301845628892126,    7.993,    0.000, 4000,   1.731,  40.591,  11.275,   0.569,  25.801,   7.167, 47,  0,   0.582,   4.888,   1.358,   0.000,   0.130,   0.036,  45.000,  60.000, 130.000,   0.000,   0.000,99999999,   0.000
02:20:01:878, 301845870347392,    8.102,    0.000, 4000,   1.589,  40.765,  11.324,   0.442,  25.849,   7.180, 47,  0,   0.583,   4.952,   1.376,   0.000,   0.130,   0.036,  45.000,  60.000, 130.000,   0.000,   0.000,99999999,   0.000
02:20:01:988, 301846111820842,    8.212,    0.000, 4100,   1.650,  40.945,  11.374,   0.510,  25.905,   7.196, 47,  0,   0.582,   5.016,   1.393,   0.000,   0.130,   0.036,  45.000,  60.000, 130.000,   0.000,   0.000,99999999,   0.000
02:20:02:097, 301846353423484,    8.321,    0.000, 4000,   1.431,  41.102,  11.417,   0.296,  25.937,   7.205, 47,  0,   0.577,   5.079,   1.411,   0.000,   0.130,   0.036,  45.000,  60.000, 130.000,   0.000,   0.000,99999999,   0.000
02:20:02:206, 301846594891957,    8.430,    0.000, 4000,   1.447,  41.260,  11.461,   0.299,  25.970,   7.214, 47,  0,   0.581,   5.142,   1.428,   0.000,   0.130,   0.036,  45.000,  60.000, 130.000,   0.000,   0.000,99999999,   0.000
02:20:02:316, 301846836378198,    8.540,    0.000, 4000,   1.444,  41.418,  11.505,   0.300,  26.003,   7.223, 47,  0,   0.578,   5.205,   1.446,   0.000,   0.130,   0.036,  45.000,  60.000, 130.000,   0.000,   0.000,99999999,   0.000
02:20:02:425, 301847077865522,    8.649,    0.000, 4000,   1.443,  41.576,  11.549,   0.307,  26.036,   7.232, 47,  0,   0.577,   5.268,   1.463,   0.000,   0.130,   0.036,  45.000,  60.000, 130.000,   0.000,   0.000,99999999,   0.000
02:20:02:534, 301847318113597,    8.758,   34.000, 3900,  25.456,  44.346,  12.318,  24.105,  28.659,   7.961, 65,  0,   1.254,   5.405,   1.501,   0.000,   0.130,   0.036,  45.000,  60.000, 130.000,   0.000,   0.000,99999999,   0.000
02:20:02:644, 301847560137394,    8.868,   15.000, 3900,  25.153,  47.103,  13.084,  23.311,  31.214,   8.671, 52,  0,   0.982,   5.513,   1.531,   0.062,   0.137,   0.038,  45.000,  60.000, 130.000,   0.000,   0.000,99999999,   0.000
02:20:02:753, 301847802303789,    8.977,    2.000, 4100,   5.243,  47.678,  13.244,   3.911,  31.643,   8.790, 54,  0,   0.663,   5.585,   1.551,   0.000,   0.137,   0.038,  45.000,  60.000, 130.000,   0.000,   0.000,99999999,   0.000
02:20:02:863, 301848043834150,    9.087,    0.000, 4000,   1.759,  47.870,  13.297,   0.587,  31.708,   8.808, 48,  0,   0.591,   5.650,   1.569,   0.000,   0.137,   0.038,  45.000,  60.000, 130.000,   0.000,   0.000,99999999,   0.000
02:20:02:972, 301848285394098,    9.196,    0.000, 4000,   1.926,  48.081,  13.356,   0.775,  31.792,   8.831, 48,  0,   0.587,   5.714,   1.587,   0.000,   0.137,   0.038,  45.000,  60.000, 130.000,   0.000,   0.000,99999999,   0.000
02:20:03:081, 301848526931054,    9.305,    0.000, 4100,   1.439,  48.238,  13.399,   0.310,  31.826,   8.841, 48,  0,   0.577,   5.777,   1.605,   0.000,   0.137,   0.038,  45.000,  60.000, 130.000,   0.000,   0.000,99999999,   0.000
02:20:03:191, 301848768401320,    9.415,    0.000, 4000,   2.167,  48.475,  13.465,   0.996,  31.935,   8.871, 48,  0,   0.591,   5.842,   1.623,   0.000,   0.137,   0.038,  45.000,  60.000, 130.000,   0.000,   0.000,99999999,   0.000
02:20:03:300, 301849009885900,    9.524,    0.000, 4000,   1.440,  48.633,  13.509,   0.305,  31.969,   8.880, 47,  0,   0.576,   5.905,   1.640,   0.000,   0.137,   0.038,  45.000,  60.000, 130.000,   0.000,   0.000,99999999,   0.000
02:20:03:410, 301849251427654,    9.634,    0.000, 3900,   1.942,  48.845,  13.568,   0.786,  32.055,   8.904, 48,  0,   0.585,   5.969,   1.658,   0.000,   0.137,   0.038,  45.000,  60.000, 130.000,   0.000,   0.000,99999999,   0.000
02:20:03:519, 301849492956270,    9.743,    0.000, 3900,   2.843,  49.156,  13.654,   1.645,  32.235,   8.954, 48,  0,   0.622,   6.037,   1.677,   0.000,   0.137,   0.038,  45.000,  60.000, 130.000,   0.000,   0.000,99999999,   0.000
02:20:03:628, 301849734362907,    9.852,   15.000, 3900,  23.793,  51.757,  14.377,  22.318,  34.675,   9.632, 50,  0,   0.822,   6.127,   1.702,   0.000,   0.137,   0.038,  45.000,  60.000, 130.000,   0.000,   0.000,99999999,   0.000
02:20:03:738, 301849975960981,    9.962,    0.000, 3900,   1.475,  51.919,  14.422,   0.330,  34.711,   9.642, 48,  0,   0.583,   6.191,   1.720,   0.000,   0.137,   0.038,  45.000,  60.000, 130.000,   0.000,   0.000,99999999,   0.000
02:20:03:847, 301850217353940,   10.071,    1.000, 4000,   4.585,  52.420,  14.561,   3.385,  35.081,   9.745, 48,  0,   0.608,   6.257,   1.738,   0.000,   0.137,   0.038,  45.000,  60.000, 130.000,   0.000,   0.000,99999999,   0.000
02:20:03:956, 301850458956054,   10.180,    0.000, 3900,   1.537,  52.588,  14.608,   0.401,  35.125,   9.757, 48,  0,   0.580,   6.321,   1.756,   0.000,   0.137,   0.038,  45.000,  60.000, 130.000,   0.000,   0.000,99999999,   0.000
02:20:04:066, 301850700397996,   10.290,    0.000, 4000,   1.504,  52.753,  14.654,   0.361,  35.164,   9.768, 47,  0,   0.577,   6.384,   1.773,   0.000,   0.137,   0.038,  45.000,  60.000, 130.000,   0.000,   0.000,99999999,   0.000
02:20:04:175, 301850941942485,   10.399,    0.000, 3900,   1.399,  52.906,  14.696,   0.258,  35.192,   9.776, 48,  0,   0.575,   6.447,   1.791,   0.000,   0.137,   0.038,  45.000,  60.000, 130.000,   0.000,   0.000,99999999,   0.000
02:20:04:285, 301851183411660,   10.509,    0.000, 4000,   1.549,  53.075,  14.743,   0.400,  35.236,   9.788, 47,  0,   0.578,   6.510,   1.808,   0.000,   0.137,   0.038,  45.000,  60.000, 130.000,   0.000,   0.000,99999999,   0.000
02:20:04:394, 301851424521258,   10.618,    0.000, 4100,   1.433,  53.232,  14.787,   0.306,  35.270,   9.797, 47,  0,   0.574,   6.573,   1.826,   0.000,   0.137,   0.038,  45.000,  60.000, 130.000,   0.000,   0.000,99999999,   0.000
02:20:04:503, 301851666021340,   10.727,    0.000, 4100,   1.705,  53.418,  14.838,   0.540,  35.329,   9.814, 47,  0,   0.581,   6.636,   1.843,   0.000,   0.137,   0.038,  45.000,  60.000, 130.000,   0.000,   0.000,99999999,   0.000
02:20:04:612, 301851907513110,   10.836,    0.000, 4100,   1.880,  53.624,  14.895,   0.725,  35.408,   9.836, 47,  0,   0.588,   6.700,   1.861,   0.000,   0.137,   0.038,  45.000,  60.000, 130.000,   0.000,   0.000,99999999,   0.000
02:20:04:722, 301852149062684,   10.946,    0.000, 4100,   1.454,  53.783,  14.940,   0.325,  35.444,   9.845, 47,  0,   0.577,   6.763,   1.879,   0.000,   0.137,   0.038,  45.000,  60.000, 130.000,   0.000,   0.000,99999999,   0.000
02:20:04:831, 301852390573030,   11.055,    0.000, 4000,   1.671,  53.965,  14.990,   0.520,  35.500,   9.861, 47,  0,   0.581,   6.827,   1.896,   0.000,   0.137,   0.038,  45.000,  60.000, 130.000,   0.000,   0.000,99999999,   0.000
02:20:04:941, 301852632162054,   11.165,    0.000, 4100,   1.486,  54.128,  15.036,   0.353,  35.539,   9.872, 47,  0,   0.577,   6.890,   1.914,   0.000,   0.137,   0.038,  45.000,  60.000, 130.000,   0.000,   0.000,99999999,   0.000
02:20:05:050, 301852873652939,   11.274,    0.000, 3900,   1.477,  54.290,  15.080,   0.328,  35.575,   9.882, 47,  0,   0.580,   6.954,   1.932,   0.000,   0.137,   0.038,  45.000,  60.000, 130.000,   0.000,   0.000,99999999,   0.000
02:20:05:159, 301853115015996,   11.383,    6.000, 4000,  21.764,  56.669,  15.741,  14.353,  37.144,  10.318, 51,  0,   0.620,   7.021,   1.950,   0.000,   0.137,   0.038,  45.000,  60.000, 130.000,   0.000,   0.000,99999999,   0.000
02:20:05:268, 301853355494604,   11.492,    2.000, 4000,   4.289,  57.136,  15.871,   2.242,  37.388,  10.386, 55,  0,   0.596,   7.086,   1.968,   0.000,   0.137,   0.038,  45.000,  60.000, 130.000,   0.000,   0.000,99999999,   0.000
02:20:05:394, 301853632618739,   11.618,    0.000, 4100,   4.171,  57.659,  16.016,   1.945,  37.632,  10.453, 47,  0,   0.609,   7.163,   1.990,   0.000,   0.137,   0.038,  45.000,  60.000, 130.000,   0.000,   0.000,99999999,   0.000
02:20:05:503, 301853874160412,   11.727,    0.000, 3900,   1.496,  57.823,  16.062,   0.351,  37.670,  10.464, 47,  0,   0.578,   7.226,   2.007,   0.000,   0.137,   0.038,  45.000,  60.000, 130.000,   0.000,   0.000,99999999,   0.000
02:20:05:612, 301854115634152,   11.837,    1.000, 4000,   7.007,  58.589,  16.275,   5.614,  38.284,  10.635, 48,  0,   0.631,   7.295,   2.026,   0.131,   0.152,   0.042,  45.000,  60.000, 130.000,   0.000,   0.000,99999999,   0.000
02:20:05:722, 301854357117460,   11.946,    0.000, 4000,   1.424,  58.745,  16.318,   0.287,  38.316,  10.643, 47,  0,   0.577,   7.358,   2.044,   0.000,   0.152,   0.042,  45.000,  60.000, 130.000,   0.000,   0.000,99999999,   0.000
02:20:05:831, 301854598623164,   12.055,    0.000, 3900,   1.475,  58.906,  16.363,   0.335,  38.352,  10.653, 47,  0,   0.576,   7.421,   2.061,   0.000,   0.152,   0.042,  45.000,  60.000, 130.000,   0.000,   0.000,99999999,   0.000
02:20:05:941, 301854840096806,   12.165,    0.000, 4000,   1.648,  59.086,  16.413,   0.496,  38.407,  10.669, 47,  0,   0.583,   7.485,   2.079,   0.000,   0.152,   0.042,  45.000,  60.000, 130.000,   0.000,   0.000,99999999,   0.000
02:20:06:049, 301855080514048,   12.274,    4.000, 3900,   7.259,  59.877,  16.632,   4.188,  38.863,  10.795, 56,  0,   0.656,   7.556,   2.099,   0.000,   0.152,   0.042,  45.000,  60.000, 130.000,   0.000,   0.000,99999999,   0.000
02:20:06:206, 301855425444527,   12.430,    9.000, 3900,  26.471,  64.012,  17.781,  17.250,  41.557,  11.544, 65,  0,   0.586,   7.648,   2.124,   0.000,   0.152,   0.042,  45.000,  60.000, 130.000,   0.000,   0.000,99999999,   0.000
02:20:06:362, 301855771501282,   12.586,    0.000, 4000,  11.138,  65.758,  18.266,   7.215,  42.688,  11.858, 49,  0,   0.581,   7.739,   2.150,   0.000,   0.152,   0.042,  45.000,  60.000, 130.000,   0.000,   0.000,99999999,   0.000
02:20:06:471, 301856012021047,   12.695,    2.000, 3900,   7.502,  66.575,  18.493,   6.011,  43.343,  12.040, 56,  0,   0.726,   7.818,   2.172,   0.355,   0.190,   0.053,  45.000,  60.000, 130.000,   0.000,   0.000,99999999,   0.000
02:20:06:581, 301856254586592,   12.805,    5.000, 3900,  16.655,  68.405,  19.001,  13.843,  44.864,  12.462, 50,  0,   1.124,   7.942,   2.206,   0.991,   0.299,   0.083,  45.000,  60.000, 130.000,   0.000,   0.000,99999999,   0.000
02:20:06:581, 301856255659620,   12.806,    5.000, 4000,   0.000,  68.405,  19.001,  22.733,  44.875,  12.465, 50,  0,   0.000,   7.942,   2.206,   0.000,   0.299,   0.083,  45.000,  60.000, 130.000,   0.000,   0.000,99999999,   0.000

Total Elapsed Time (sec) = 12.805752
Measured RDTSC Frequency (GHz) = 2.208

Cumulative Processor Energy_0 (Joules) = 68.404602
Cumulative Processor Energy_0 (mWh) = 19.001278
Average Processor Power_0 (Watt) = 5.341709

Cumulative IA Energy_0 (Joules) = 44.874817
Cumulative IA Energy_0 (mWh) = 12.465227
Average IA Power_0 (Watt) = 3.504270

Cumulative DRAM Energy_0 (Joules) = 7.941650
Cumulative DRAM Energy_0 (mWh) = 2.206014
Average DRAM Power_0 (Watt) = 0.620163

Cumulative GT Energy_0 (Joules) = 0.299011
Cumulative GT Energy_0 (mWh) = 0.083059
Average GT Power_0 (Watt) = 0.023350
